{
    "name": "invisible-sun",
    "title": "Invisible Sun",
    "description": "The Invisible Sun Roleplaying Game",
    "version": "0.0.2",
    "templateVersion": 2,
    "author": "DeviousDVS",
    "scripts": [],
    "esmodules": ["scripts/system.js"],
    "styles": [],
    "packs": [],
    "languages": [],
    "socket": false,
    "initiative": "1d20",
    "gridDistance": 10,
    "gridUnits": "ft",
    "primaryTokenAttribute": "resources.health",
    "secondaryTokenAttribute": "resources.power",
    "minimumCoreVersion": "0.8.9",
    "compatibleCoreVersion": "9",
    "url": "https://github.com/DeviousDVS/is-vtt",
    "manifest": "https://deviousdvs.github.io/is-vtt/system.json",
    "download": "https://github.com/DeviousDVS/dj-mythus-vtt/archive/refs/tags/is-vtt-v0.0.2-alpha.zip"
}
